"file","duration","duration_noSilence","voiced","ampl_mean","ampl_sd","amplVoiced_mean","amplVoiced_sd","dom_mean","dom_sd","domVoiced_mean","domVoiced_sd","entropy_mean","entropy_sd","entropyVoiced_mean","entropyVoiced_sd","harmEnergy_mean","harmEnergy_sd","harmHeight_mean","harmHeight_sd","HNR_mean","HNR_sd","HNRVoiced_mean","HNRVoiced_sd","loudness_mean","loudness_sd","loudnessVoiced_mean","loudnessVoiced_sd","novelty_mean","novelty_sd","noveltyVoiced_mean","noveltyVoiced_sd","peakFreq_mean","peakFreq_sd","peakFreqVoiced_mean","peakFreqVoiced_sd","pitch_mean","pitch_sd","quartile25_mean","quartile25_sd","quartile25Voiced_mean","quartile25Voiced_sd","quartile50_mean","quartile50_sd","quartile50Voiced_mean","quartile50Voiced_sd","quartile75_mean","quartile75_sd","quartile75Voiced_mean","quartile75Voiced_sd","roughness_mean","roughness_sd","roughnessVoiced_mean","roughnessVoiced_sd","specCentroid_mean","specCentroid_sd","specCentroidVoiced_mean","specCentroidVoiced_sd","specSlope_mean","specSlope_sd","specSlopeVoiced_mean","specSlopeVoiced_sd","time","pitch"
"006_ut_anger_05-f-grunt-with-effort.wav",0.431,0.39984126984127,0.5,0.245673689503643,0.116134310903248,0.330673149354598,0.0548106197647181,441.144789369732,123.959880677709,443.919021010674,149.003395544157,0.0517055199075012,0.0224616088985779,0.0504902497827815,0.0170400174589767,8.31002516025821,2.59867358158921,1807.27475659995,1254.230644693,2.81205823617329,4.31610010939898,5.83287562683502,2.66446928568765,NA,NA,NA,NA,NA,NA,NA,NA,880.399274047187,233.098662683508,970.440108892922,263.937818856549,438.308765380559,29.6262200259316,740.335753176044,109.332964104449,785.356170598911,99.6156834277021,1071.15245009074,182.113462409202,1155.52404718693,150.780974478926,2144.97277676951,626.666103165817,2483.62636116152,307.83844161898,NA,NA,NA,NA,1732.58204965914,235.932177782635,1790.89836961164,127.53608819125,-2.89086064059448,0.38481140551629,-2.85795084465067,0.430150036460644,"25, 50, 75, 100, 125, 150, 175, 200, 225, 250, 275, 300, 325, 350, 375, 400","NA, 428, 449, 456, 416, 393, 416, 474, 474, NA, NA, NA, NA, NA, NA, NA"
"007_ut_anger_06-f-roar.wav",0.717,0.674716553287982,0.666666666666667,0.227567825079979,0.0953772929965585,0.280581157297287,0.0581695191012798,NA,NA,NA,NA,0.0831151467060445,0.020441779517609,0.0795487935460873,0.014199733160021,19.8791859300549,4.22788877388855,844.436016308072,612.494817965181,NA,NA,NA,NA,NA,NA,NA,NA,NA,NA,NA,NA,1486.05856484713,310.575781322211,1385.62840290381,237.257341425833,485.635477331498,86.8977804101853,1411.40932570152,122.069230781396,1415.64201451906,121.71044808809,2103.26155242217,210.415329311828,2152.22606624319,212.632703479309,3543.14533016892,211.06856091136,3611.63793103448,160.239250813464,NA,NA,NA,NA,3008.5402671955,281.068096098125,3132.10887025381,255.566395546936,-3.11783676103963,0.283002446742584,-3.13761138995882,0.204744031286459,"25, 50, 75, 100, 125, 150, 175, 200, 225, 250, 275, 300, 325, 350, 375, 400, 425, 450, 475, 500, 525, 550, 575, 600, 625, 650, 675","NA, 585, 563, 597, 602, 496, 488, 467, 488, 409, 488, 512, 512, 520, 320, 348, 343, 428, 575, NA, NA, NA, NA, NA, NA, NA, NA"
"010_ut_anger_09-f-scream.wav",0.865,0.699705215419501,0.727272727272727,0.424748070787976,0.301154621556297,0.470899502765596,0.280927150974584,NA,NA,NA,NA,0.163683896764615,0.106333310196071,0.175809916733251,0.11606079449728,8.85076296747254,3.0874404523575,2429.53261826895,1164.5866178361,NA,NA,NA,NA,NA,NA,NA,NA,NA,NA,NA,NA,2309.93647912886,830.39667721091,2198.891966759,877.841236169197,1012.02980226584,295.76959559868,2215.81972171809,724.347043952358,2172.56423727194,785.023416729542,2839.80641258318,693.732594381022,2749.66806762824,740.645612354803,5040.06352087114,1315.7899985918,4976.99398223326,1402.36257988372,NA,NA,NA,NA,3902.67418385141,1006.93916120226,3824.96974962811,1090.45297182029,-2.36629052735095,0.666163165024841,-2.40330991462315,0.733830491114999,"25, 50, 75, 100, 125, 150, 175, 200, 225, 250, 275, 300, 325, 350, 375, 400, 425, 450, 475, 500, 525, 550, 575, 600, 625, 650, 675, 700, 725, 750, 775, 800, 825","1075, 1073, 1078, 1072, 1077, 1138, 1230, 1307, 1350, 1279, 1454, 1556, 1003, NA, NA, NA, 217, 441, 704, 857, 860, 857, 850, 964, 953, 945, 949, NA, NA, NA, NA, NA, NA"
"014_ut_anger_13-m-roar-scream.wav",3.838,3.74832199546485,0.539473684210526,0.130753412607999,0.121047671765083,0.221814767638706,0.0848317565660549,NA,NA,NA,NA,0.0492153005518539,0.037806656392097,0.0255205336821152,0.0125310172474857,10.5658707516854,7.2735810168589,2172.89827937667,1663.85574988469,NA,NA,NA,NA,NA,NA,NA,NA,NA,NA,NA,NA,1378.35237584557,491.680416372255,1335.46279491833,512.410861500029,765.130935733443,286.677100507973,1285.58303085299,339.649943836886,1257.42740471869,365.2288349096,1710.32111037783,280.783012802172,1676.47459165154,292.447584648679,2525.69089259198,496.006945945988,2476.26588021779,488.01357594568,NA,NA,NA,NA,2089.2729636364,294.330397077922,2065.50329591985,304.714202531469,-2.51227310587389,0.30974767088082,-2.46894500355608,0.293084545157877,"25, 50, 75, 100, 125, 150, 175, 200, 225, 250, 275, 300, 325, 350, 375, 400, 425, 450, 475, 500, 525, 550, 575, 600, 625, 650, 675, 700, 725, 750, 775, 800, 825, 850, 875, 900, 925, 950, 975, 1000, 1025, 1050, 1075, 1100, 1124, 1149, 1174, 1199, 1224, 1249, 1274, 1299, 1324, 1349, 1374, 1399, 1424, 1449, 1474, 1499, 1524, 1549, 1574, 1599, 1624, 1649, 1674, 1699, 1724, 1749, 1774, 1799, 1824, 1849, 1874, 1899, 1924, 1949, 1974, 1999, 2024, 2049, 2074, 2099, 2124, 2149, 2174, 2199, 2224, 2249, 2274, 2299, 2324, 2349, 2374, 2399, 2424, 2449, 2474, 2499, 2524, 2549, 2574, 2599, 2624, 2649, 2674, 2699, 2724, 2749, 2774, 2799, 2824, 2849, 2874, 2899, 2924, 2949, 2974, 2999, 3024, 3049, 3074, 3099, 3124, 3149, 3174, 3199, 3224, 3249, 3274, 3299, 3323, 3348, 3373, 3398, 3423, 3448, 3473, 3498, 3523, 3548, 3573, 3598, 3623, 3648, 3673, 3698, 3723, 3748, 3773, 3798","846, 804, 761, 1078, 1094, 1005, 862, 844, 844, NA, NA, NA, NA, 1415, 1280, 1472, 1430, 1383, 1135, 860, 743, 743, 707, 864, 836, 642, 521, 458, 458, 458, 458, 504, 474, NA, NA, NA, NA, NA, NA, NA, NA, NA, NA, NA, NA, NA, NA, NA, NA, NA, NA, NA, NA, NA, NA, NA, NA, NA, NA, NA, NA, NA, NA, NA, NA, NA, NA, NA, NA, NA, NA, NA, 1174, 560, 553, 553, 490, 864, 881, 1157, 948, 1004, 1138, 567, 503, 503, 403, 392, 405, 539, 576, 710, 756, 717, 756, 937, 937, 937, 1208, 780, 673, 780, 1093, 1090, NA, NA, NA, NA, NA, NA, NA, NA, NA, NA, NA, NA, NA, NA, NA, NA, NA, NA, NA, NA, NA, 514, 541, 544, 470, 496, 453, 536, 510, 630, 686, 694, 502, 520, 569, 677, 812, 1336, 1027, 1037, NA, NA, NA, 335, 289, NA, NA, NA"
"022_ut_anger_21-m-roar-growl.wav",2.583,2.39893424036281,0.598039215686274,0.126287616918659,0.120932828151373,0.18769865948433,0.115534471824583,NA,NA,NA,NA,0.0581448304042993,0.0530064696657757,0.0339291733891466,0.0194321932649883,7.5482226730583,5.97137362061237,1949.35838078297,989.364147252153,NA,NA,NA,NA,NA,NA,NA,NA,NA,NA,NA,NA,599.982245719245,268.351031334011,617.121979176616,284.954728465127,322.807371116648,70.3898942665068,555.324311528446,179.636663291388,548.669882510269,192.921520886279,858.940266708751,199.746728975622,845.997707517432,208.515649196615,1456.31263315711,455.319531987268,1477.51217881364,493.199903998658,NA,NA,NA,NA,1330.35539720295,224.550977229953,1336.36182481787,237.0731306262,-2.39836609972038,0.342211844918893,-2.38815810216786,0.362179901861969,"25, 50, 75, 100, 125, 150, 175, 200, 225, 250, 275, 300, 325, 350, 375, 400, 425, 450, 475, 500, 525, 550, 575, 600, 625, 650, 675, 700, 725, 750, 775, 800, 825, 850, 875, 900, 925, 950, 975, 1000, 1025, 1050, 1075, 1100, 1124, 1149, 1174, 1199, 1224, 1249, 1274, 1299, 1324, 1349, 1374, 1399, 1424, 1449, 1474, 1499, 1524, 1549, 1574, 1599, 1624, 1649, 1674, 1699, 1724, 1749, 1774, 1799, 1824, 1849, 1874, 1899, 1924, 1949, 1974, 1999, 2024, 2049, 2074, 2099, 2124, 2149, 2174, 2199, 2224, 2249, 2274, 2299, 2324, 2349, 2374, 2399, 2424, 2449, 2474, 2499, 2524, 2549","NA, 288, 299, 319, 325, 433, 397, 358, 363, 362, 363, 182, 183, 179, 191, 176, 161, 157, 170, 256, 382, 465, 449, 407, 453, NA, NA, NA, NA, NA, NA, NA, NA, NA, NA, NA, NA, NA, NA, 272, 280, 290, 296, 326, 333, 342, 347, 358, 365, 326, 364, 362, 356, 357, 356, 352, 346, 336, 336, 330, 323, 316, 311, 312, 311, 312, 319, 352, 361, 371, 377, NA, NA, NA, NA, NA, NA, NA, NA, NA, NA, NA, NA, NA, NA, NA, NA, NA, 329, 337, 339, 337, 336, NA, NA, NA, NA, NA, NA, NA, NA, NA"
"024_ut_anger_23-f-roar-scream.wav",1.253,1.17448979591837,0.0612244897959184,0.230188396756977,0.0775791117112655,0.271854633604961,0.0357490324492294,NA,NA,NA,NA,0.0376322771170063,0.0201703329077902,0.0333095286310637,0.00710541880175782,16.4772301483725,16.026336948635,2599.61614244998,1914.52983653001,NA,NA,NA,NA,NA,NA,NA,NA,NA,NA,NA,NA,1505.03037954707,371.230810254572,1380.62613430127,269.194564644262,854.98767898036,621.342613242062,1397.15536968358,242.55328137306,1400.63520871143,255.458761009456,1915.6513848339,206.97267165926,1974.22867513611,320.977819252424,2720.36416002525,264.138528156465,2721.23411978221,242.597134435804,NA,NA,NA,NA,2268.53556136556,232.203335320839,2300.06162878503,250.531107443307,-2.96653168952845,0.348870336915661,-2.97594527679746,0.326531030624926,"25, 50, 75, 100, 125, 150, 175, 200, 225, 250, 275, 300, 325, 350, 375, 400, 425, 450, 475, 500, 525, 550, 575, 600, 625, 650, 675, 700, 725, 750, 775, 800, 825, 850, 875, 900, 925, 950, 975, 1000, 1025, 1050, 1075, 1100, 1124, 1149, 1174, 1199, 1224","NA, NA, NA, NA, NA, NA, NA, NA, 571, NA, NA, NA, NA, NA, NA, NA, NA, NA, NA, NA, NA, NA, NA, NA, NA, 427, NA, NA, NA, 1568, NA, NA, NA, NA, NA, NA, NA, NA, NA, NA, NA, NA, NA, NA, NA, NA, NA, NA, NA"
"025_ut_anger_23-m-roar.wav",1.258,1.19947845804989,0.204081632653061,0.254948215295535,0.0926246172493879,0.20474754664384,0.118177861089362,NA,NA,NA,NA,0.0183916448392055,0.00808396192796639,0.0203319873394876,0.00704559064997118,1.6448081204454,5.72711743483358,1924.32314567974,1016.04851045352,NA,NA,NA,NA,NA,NA,NA,NA,NA,NA,NA,NA,1212.03903927096,382.198705927254,1213.88384754991,585.09580933645,900.73609999478,227.586389826404,1026.42294474263,202.379347179494,997.11887477314,402.658283609127,1495.1461559254,252.01842102295,1353.94736842105,453.401681992447,2146.93111171178,249.317538871845,2000.90744101634,345.410178639733,NA,NA,NA,NA,1704.49888126886,174.049984879198,1618.33775450345,276.751741486065,-2.59099526150121,0.259304108561504,-2.41204329707765,0.354537418075574,"25, 50, 75, 100, 125, 150, 175, 200, 225, 250, 275, 300, 325, 350, 375, 400, 425, 450, 475, 500, 525, 550, 575, 600, 625, 650, 675, 700, 725, 750, 775, 800, 825, 850, 875, 900, 925, 950, 975, 1000, 1025, 1050, 1075, 1100, 1124, 1149, 1174, 1199, 1224","NA, NA, 650, 556, 556, 1215, NA, NA, NA, NA, NA, NA, NA, NA, NA, NA, NA, NA, NA, NA, NA, NA, NA, NA, NA, NA, NA, NA, NA, NA, NA, NA, NA, NA, NA, NA, NA, NA, NA, NA, NA, 991, 996, 998, 1001, 1011, 1032, NA, NA"
"076_ut_disgust_10-1.wav",0.586,0.574761904761905,0.954545454545455,0.213184553731079,0.0711127806964033,0.224797867991375,0.0619153315027926,NA,NA,NA,NA,0.052943987769394,0.0294028666435201,0.0503444963315481,0.0271672431802365,12.0501614770685,5.12995940884782,2382.55969442967,1100.67120346979,NA,NA,NA,NA,NA,NA,NA,NA,NA,NA,NA,NA,770.349364791289,199.97160700021,787.357078039928,201.169903640666,375.794156684279,163.68460353327,686.675053621515,86.7542826176493,695.315335753176,85.3554572495499,981.354149480284,157.246044522859,988.448275862069,162.735868048233,1748.97500412473,921.817802467262,1785.80989110708,959.90612869776,NA,NA,NA,NA,1650.86950428857,392.674780082177,1651.93064473236,407.641995417411,-2.52177147666947,0.284884537736605,-2.54041438258167,0.276490219158708,"25, 50, 75, 100, 125, 150, 175, 200, 225, 250, 275, 300, 325, 350, 375, 400, 425, 450, 475, 500, 525, 550","NA, 290, 350, 340, 383, 367, 364, 367, 342, 338, 333, 320, 284, 294, 288, 279, 278, 275, 265, 435, 851, 851"
"077_ut_disgust_10-2.wav",0.529,0.474807256235828,0.65,0.21754219896577,0.120224970350627,0.242055864170825,0.0933564440396199,NA,NA,NA,NA,0.122565038321904,0.0421605123466376,0.102504592380539,0.0265154338579229,16.255595953641,6.62355199581594,7403.39824135182,4093.45677953918,NA,NA,NA,NA,NA,NA,NA,NA,NA,NA,NA,NA,2458.89292196007,1534.04097869017,2468.81195030015,1568.26853565589,472.674888533383,326.154089164099,2419.98638838475,891.417500486152,2487.2818651403,906.662975472049,4095.19056261343,867.274139792702,3826.35069105124,743.714885816189,6813.08983666062,1102.09758758621,6592.22043836382,1179.67636575521,NA,NA,NA,NA,4754.45663393931,702.580919620676,4603.4342867499,727.209240581231,-2.79767110551871,0.419605514067578,-2.73881958775151,0.457671890939632,"25, 50, 75, 100, 125, 150, 175, 200, 225, 250, 275, 300, 325, 350, 375, 400, 425, 450, 475, 500","NA, NA, NA, NA, NA, 345, 343, 341, 340, 335, 320, 312, 309, 301, 294, 591, 929, 1384, NA, NA"
"079_ut_disgust_12.wav",1.652,1.37439909297052,0.246153846153846,0.0597678990918688,0.0807955870907409,0.180856436440079,0.073312705912968,NA,NA,NA,NA,0.268556226971133,0.139635571851515,0.0992286984020546,0.0153603938544877,1.26124837510034,3.62723684074574,2361.40826174957,2638.02135208567,NA,NA,NA,NA,NA,NA,NA,NA,NA,NA,NA,NA,1222.15426497278,2069.25433842321,484.505444646098,85.678017461416,950.841223344064,378.305333454617,960.43557168784,1174.45767406214,550.249546279492,85.8831731396576,2186.59165154265,1863.46441124325,1575,1197.96176194389,5567.32486388385,1335.74971949484,5022.277676951,587.987159563085,NA,NA,NA,NA,3425.63075432735,1149.10083970693,2967.16047049108,365.258678371006,-2.70966105137078,0.228622855361716,-2.75196668891776,0.191146831337057,"25, 50, 75, 100, 125, 150, 175, 200, 225, 250, 275, 300, 325, 350, 375, 400, 425, 450, 475, 500, 525, 550, 575, 600, 625, 650, 675, 700, 725, 750, 775, 800, 825, 850, 875, 900, 925, 950, 975, 1000, 1025, 1050, 1075, 1100, 1124, 1149, 1174, 1199, 1224, 1249, 1274, 1299, 1324, 1349, 1374, 1399, 1424, 1449, 1474, 1499, 1524, 1549, 1574, 1599, 1624","NA, NA, NA, 1082, 1369, 1351, 1032, 681, 307, 307, 269, 1397, NA, NA, NA, NA, NA, NA, NA, NA, NA, NA, NA, NA, NA, NA, NA, NA, NA, NA, NA, NA, NA, NA, NA, NA, NA, NA, NA, NA, NA, NA, NA, NA, NA, NA, NA, NA, NA, 1021, 1008, 882, 1068, 974, 1096, 1369, NA, NA, NA, NA, NA, NA, NA, NA, NA"
"083_ut_disgust_16-f.wav",0.73,0.624739229024943,0.785714285714286,0.155846885414644,0.0856471757322634,0.189027370374532,0.0635468496116827,387.653223925785,234.206094052255,400.64557512108,240.67154147808,0.104214254353574,0.0603674427172219,0.077393055008439,0.0223478771992415,11.6937803136134,3.57271430356554,2652.05909683633,2544.27514893628,5.24150634917915,2.7491037743614,5.52187312729193,2.66068294083379,NA,NA,NA,NA,NA,NA,NA,NA,749.506578947369,242.200673732439,768.530358026728,223.466013088176,367.508190356902,165.518062073669,777.019056261343,236.652507529164,797.634466259693,213.57557095731,1560.70780399274,460.492306583055,1609.82098663587,412.138238113726,3494.08461887477,870.333487520262,3584.35282956608,779.493341569652,NA,NA,NA,NA,2408.02262809627,335.660649013248,2423.70355340493,336.317247105835,-2.82919096832522,0.430091464907753,-2.89654335855885,0.37337706459987,"25, 50, 75, 100, 125, 150, 175, 200, 225, 250, 275, 300, 325, 350, 375, 400, 425, 450, 475, 500, 525, 550, 575, 600, 625, 650, 675, 700","NA, NA, NA, NA, 229, 236, 245, 255, 264, 258, 258, 251, 255, 250, 324, 343, 324, 358, 316, 377, 561, 542, 610, 465, 465, 900, NA, NA"
"084_ut_disgust_17-f.wav",1.111,1.07453514739229,0.0930232558139535,0.145024066355935,0.100670931029977,0.245639842986645,0.0201353107115461,NA,NA,NA,NA,0.0884401363060809,0.0479716047137456,0.0580406162304403,0.0144281638105561,14.8413739594602,0.126412567576192,4416.23024630623,1388.25412042143,NA,NA,NA,NA,NA,NA,NA,NA,NA,NA,NA,NA,2117.93020953638,830.544135245718,3476.57667876588,151.836225804115,319.004257207616,3.65203572605033,1420.03794753341,333.898519590922,1460.66243194192,196.727634932089,2177.35109717868,427.553660914911,2971.34754990925,292.479469740858,3423.97706649068,115.134530937468,3561.61524500907,43.2245409558075,NA,NA,NA,NA,2798.16289291518,317.574161551651,3029.12167847089,71.9773966193436,-2.62745007825121,0.213192143392324,-2.50815100137682,0.28822396893664,"25, 50, 75, 100, 125, 150, 175, 200, 225, 250, 275, 300, 325, 350, 375, 400, 425, 450, 475, 500, 525, 550, 575, 600, 625, 650, 675, 700, 725, 750, 775, 800, 825, 850, 875, 900, 925, 950, 975, 1000, 1025, 1050, 1075","NA, NA, NA, NA, NA, NA, NA, NA, NA, NA, NA, 320, 321, 322, 314, NA, NA, NA, NA, NA, NA, NA, NA, NA, NA, NA, NA, NA, NA, NA, NA, NA, NA, NA, NA, NA, NA, NA, NA, NA, NA, NA, NA"
"085_ut_disgust_18-f.wav",0.645,0.574761904761905,0.625,0.205623924590091,0.149290322113092,0.2820438810959,0.138226628270045,NA,NA,NA,NA,0.0722373117276805,0.0368811638926957,0.048963976666652,0.0168321245963388,7.72380875676296,6.79762947625496,3116.52519022237,2136.36910012904,NA,NA,NA,NA,NA,NA,NA,NA,NA,NA,NA,NA,435.652120112193,38.0306877982414,432.196007259528,19.7211590484864,366.538638994956,61.1248922787051,478.39877907936,110.444893459637,437.531760435572,19.8175956091454,1138.69823461475,867.2850722279,787.023593466424,306.23566135517,2476.57770994885,2408.26346751008,1360.61705989111,170.455035480973,NA,NA,NA,NA,1987.62481866499,1130.33927872195,1445.59335697024,269.626494733805,-2.41219220309676,0.419739868590984,-2.25512227679298,0.278685634551759,"25, 50, 75, 100, 125, 150, 175, 200, 225, 250, 275, 300, 325, 350, 375, 400, 425, 450, 475, 500, 525, 550, 575, 600","NA, NA, NA, NA, 430, 434, 439, 444, 305, 304, 304, 304, 301, 307, 309, 411, 405, 403, 398, NA, NA, NA, NA, NA"
"086_ut_disgust_19-f-scream.wav",0.625,0.549773242630386,0.166666666666667,0.215439670150766,0.106684659983447,0.275230514954103,0.0649008917989437,NA,NA,NA,NA,0.0783715331191627,0.0389666759757248,0.0784996614804326,0.0410449996441484,-4.47774809446761,1.18715257639023,1189.75637656967,1140.1294354608,NA,NA,NA,NA,NA,NA,NA,NA,NA,NA,NA,NA,1114.79128856624,420.958916375056,965.437840290381,537.241474359128,1081.05815663329,495.465333058058,1046.1887477314,292.375157145239,930.421960072596,510.002484146429,1387.29582577132,354.072053585667,970.440108892922,531.528799902329,2106.66969147005,582.403041584176,1585.71914700544,156.169084634602,NA,NA,NA,NA,2104.66574515152,391.179400697532,1777.54631263927,358.700921240871,-2.76054414438996,0.438832559101742,-2.36946214583533,0.617685314496039,"25, 50, 75, 100, 125, 150, 175, 200, 225, 250, 275, 300, 325, 350, 375, 400, 425, 450, 475, 500, 525, 550, 575, 600","NA, NA, 661, 643, NA, NA, NA, NA, NA, NA, NA, NA, NA, NA, NA, NA, NA, 1504, 1516, NA, NA, NA, NA, NA"
"089_ut_disgust_21-f-roar.wav",0.607,0.524784580498866,0,0.176526114244476,0.0913380029493459,NA,NA,NA,NA,NA,NA,0.0842735347689709,0.031870880637093,NA,NA,NA,NA,NA,NA,NA,NA,NA,NA,NA,NA,NA,NA,NA,NA,NA,NA,1147.52041742287,490.00305536622,NA,NA,NA,NA,1037.47050816697,222.648426409007,NA,NA,1611.73094373866,317.732045028783,NA,NA,3258.4777676951,585.496929716925,NA,NA,NA,NA,NA,NA,2605.82904671078,390.052188708848,NA,NA,-2.86493972474309,0.317299621138637,NA,NA,"25, 50, 75, 100, 125, 150, 175, 200, 225, 250, 275, 300, 325, 350, 375, 400, 425, 450, 475, 500, 525, 550, 575","NA, NA, NA, NA, NA, NA, NA, NA, NA, NA, NA, NA, NA, NA, NA, NA, NA, NA, NA, NA, NA, NA, NA"
"092_ut_disgust_24-f.wav",1.038,0.874625850340137,0.725,0.183037194032431,0.103107852364843,0.248637051046373,0.0768990371689455,NA,NA,NA,NA,0.0877555768748964,0.040817178674311,0.0660184749335719,0.021419095418367,13.0594837269191,2.45814019067786,2937.43860605076,1054.16505109276,NA,NA,NA,NA,NA,NA,NA,NA,NA,NA,NA,NA,451.381178605744,73.4257567884766,472.595281306715,61.8264827213906,232.89153990764,22.9733237651681,476.098270524181,48.4592307986103,484.029038112523,43.6633800336083,927.479449129924,280.035312096731,803.221415607986,249.615566193821,1819.06026475926,537.585580052755,1593.10344827586,496.470103707116,NA,NA,NA,NA,1708.48899680458,292.600815302139,1567.38303910895,254.564458177988,-2.28433218050493,0.251982356227144,-2.20576997959743,0.251092172642075,"25, 50, 75, 100, 125, 150, 175, 200, 225, 250, 275, 300, 325, 350, 375, 400, 425, 450, 475, 500, 525, 550, 575, 600, 625, 650, 675, 700, 725, 750, 775, 800, 825, 850, 875, 900, 925, 950, 975, 1000","NA, NA, NA, 280, 278, 275, 268, 263, 260, 253, 245, 240, 238, 234, 231, 225, 224, 224, 222, 222, 223, 223, 224, 221, 217, 216, 216, 214, 208, 203, 203, 206, NA, NA, NA, NA, NA, NA, NA, NA"
"095_ut_disgust_27-f.wav",0.505,0.399841269841269,0.526315789473684,0.177443631840591,0.133217252335716,0.277651011919665,0.0923675466288402,NA,NA,NA,NA,0.0763906077654611,0.0777127713916507,0.0351132090943448,0.00724252655732959,13.8092405467226,4.88382734529494,2511.13351649644,1363.61513974999,NA,NA,NA,NA,NA,NA,NA,NA,NA,NA,NA,NA,596.270417422868,234.102505904585,656.297640653358,193.25999302256,241.759913613946,125.538141284751,612.277676950998,40.5858104902297,596.270417422868,15.7833707462004,957.76769509982,122.14825686901,926.420145190564,130.374982581838,1656.75136116152,663.677631304395,1476.66969147005,595.121885606969,NA,NA,NA,NA,1632.7980643065,205.458232611267,1520.62816897423,117.592059416665,-2.45785928956649,0.308084905445365,-2.39785279459876,0.235205691080182,"25, 50, 75, 100, 125, 150, 175, 200, 225, 250, 275, 300, 325, 350, 375, 400, 425, 450, 475","NA, NA, 594, 262, 187, 194, 197, 199, 200, 199, 203, 183, NA, NA, NA, NA, NA, NA, NA"
"098_ut_disgust_30-f.wav",0.67,0.649727891156463,0.68,0.247579787523437,0.0990565041532701,0.307652873971033,0.0557003896037979,NA,NA,NA,NA,0.106164406852334,0.036801157976304,0.0896639948803331,0.0181947281408122,12.0390091095986,1.00999632007316,2657.62661584284,1269.78120480711,NA,NA,NA,NA,NA,NA,NA,NA,NA,NA,NA,NA,861.19056261343,184.969436549312,965.771324863883,141.377682416558,251.935214854352,25.9753094859353,691.513611615245,81.9069613717001,725.662431941924,73.1149784907981,926.820326678766,87.5458936103339,956.433756805807,96.909098973499,1671.95825771325,666.337227867706,1530.02722323049,360.073340237469,NA,NA,NA,NA,2030.31392823932,300.002927086172,1951.68309020228,149.699530903044,-2.25957802742599,0.267143633239244,-2.32165124566926,0.28445638104938,"25, 50, 75, 100, 125, 150, 175, 200, 225, 250, 275, 300, 325, 350, 375, 400, 425, 450, 475, 500, 525, 550, 575, 600, 625","NA, NA, NA, 291, 288, 282, 276, 273, 269, 263, 255, 245, 249, 248, 243, 233, 229, 217, 218, 205, NA, NA, NA, NA, NA"
"102_ut_disgust_34-f.wav",0.591,0.549773242630386,0.454545454545455,0.2110484140586,0.0729205554464927,0.252958875274854,0.029697857558084,NA,NA,NA,NA,0.0555747549062041,0.0177920748161547,0.0520504920050885,0.0194669572506347,17.4024618916223,2.04066807303251,1624.43218758405,1206.39275011815,NA,NA,NA,NA,NA,NA,NA,NA,NA,NA,NA,NA,1109.07441016334,286.456399173144,1080.49001814882,298.703477346506,345.534192122135,45.9849502347059,1029.99092558984,188.512566400974,1030.46733212341,210.401319751982,1606.44283121597,622.862363128826,1483.17264065336,152.923157943084,3127.13248638838,1087.36282103862,3719.18670598911,251.382217389609,NA,NA,NA,NA,2516.44196706518,452.204172767433,2632.19045050315,182.883295107976,-2.89611928991899,0.366060638269023,-2.79139990281915,0.467795952054808,"25, 50, 75, 100, 125, 150, 175, 200, 225, 250, 275, 300, 325, 350, 375, 400, 425, 450, 475, 500, 525, 550","NA, NA, NA, NA, 361, 345, 325, 305, 289, 305, 313, 419, 406, 387, NA, NA, NA, NA, NA, NA, NA, NA"
"103_ut_disgust_35-m.wav",0.638,0.549773242630386,0.5,0.199401166930695,0.117671044616346,0.302106161104885,0.0406883212097869,NA,NA,NA,NA,0.077406430131084,0.0524764379209886,0.0506571326533332,0.0132035570734648,11.0704970686064,3.23177453259363,1449.33681572417,188.527990517751,NA,NA,NA,NA,NA,NA,NA,NA,NA,NA,NA,NA,595.508166969147,177.157135968614,595.269963702359,190.420992273134,169.842433343827,10.6964322206168,502.132486388385,71.8391987454053,485.220054446461,84.9448892986055,747.958257713249,117.947713187815,735.333484573503,109.303237095524,1074.77313974592,250.084844101447,1017.1279491833,53.8479258883069,NA,NA,NA,NA,1411.0299027432,209.285649808671,1361.21022578429,118.187153186503,-2.392148991874,0.268188910050269,-2.47924463378139,0.267762784909703,"25, 50, 75, 100, 125, 150, 175, 200, 225, 250, 275, 300, 325, 350, 375, 400, 425, 450, 475, 500, 525, 550, 575, 600","NA, NA, 176, 180, 180, 182, 174, 175, 174, 169, 166, 161, 155, 147, NA, NA, NA, NA, NA, NA, NA, NA, NA, NA"
"105_ut_disgust_37-f.wav",0.794,0.774671201814059,0.733333333333333,0.284336152318355,0.0836434602494324,0.316191737172057,0.0622467955755308,NA,NA,NA,NA,0.0662393841866031,0.0256682081439815,0.0627270176650408,0.0141355306004216,6.21159848772781,2.24197560783991,2774.81441290785,715.45410644434,NA,NA,NA,NA,NA,NA,NA,NA,NA,NA,NA,NA,467.545372050817,198.739594449155,486.887477313975,227.640781139342,326.502067221565,75.1721650001316,541.578947368421,110.589063547429,550.725952813067,110.434692763966,1075.82123411978,266.523903118005,1042.37749546279,155.750404104856,2904.65063520871,916.962347539981,2760.29945553539,939.584806951727,NA,NA,NA,NA,2142.85486400955,322.038529747317,2113.40754725841,236.607272308179,-2.74290277237154,0.208789158553428,-2.73736544444083,0.229867863377592,"25, 50, 75, 100, 125, 150, 175, 200, 225, 250, 275, 300, 325, 350, 375, 400, 425, 450, 475, 500, 525, 550, 575, 600, 625, 650, 675, 700, 725, 750","NA, NA, NA, 289, 293, 297, 304, 316, 326, 324, 347, 322, 338, 336, 332, 328, 299, 321, 319, 314, 307, 285, 274, 263, NA, NA, NA, 649, NA, NA"
"107_ut_disgust_39-c.wav",0.443,0.324875283446712,0.6875,0.127264778201711,0.0952163205609526,0.172420224030087,0.0784140526968956,NA,NA,NA,NA,0.0796804485449236,0.071403860704188,0.0424991832305824,0.0116467779350298,0.710198430345259,1.30184029777986,5339.77354768024,2509.7781092584,NA,NA,NA,NA,NA,NA,NA,NA,NA,NA,NA,NA,778.686479128857,47.0867506896574,778.53489523181,49.3819298348436,1109.80123705742,130.652533131101,790.358439201452,60.6305270649399,791.267942583732,63.5039203583389,1649.08121597096,477.211435416935,1617.09701369411,486.826839979246,3688.33938294011,663.31506040037,3561.61524500907,521.542579389006,NA,NA,NA,NA,2433.96892416755,349.245054704968,2358.80119600325,244.104170267562,-2.75571225784671,0.296384200131857,-2.77332097362127,0.304195777085009,"25, 50, 75, 100, 125, 150, 175, 200, 225, 250, 275, 300, 325, 350, 375, 400","NA, NA, NA, 1077, 865, 1077, 1102, 1110, 1039, 1039, 1039, 1289, 1286, 1285, NA, NA"
"109_ut_disgust_41-c.wav",0.54,0.474807256235828,0.7,0.235437965214644,0.135545222168038,0.309761409093085,0.0792225711466573,NA,NA,NA,NA,0.087908484677841,0.0470624290740033,0.066463218539346,0.0224650713302897,15.0518538759612,0.612638207417,3261.38777698233,742.181106391043,NA,NA,NA,NA,NA,NA,NA,NA,NA,NA,NA,NA,889.29219600726,249.74567283669,930.421960072595,250.620838092984,330.245575657384,16.783927439562,855.943738656987,115.974589339366,861.81941923775,120.684945663715,1282.80399274047,139.960728801416,1263.43012704174,138.595193394163,3114.74591651543,1826.63040325576,2819.85027223231,1630.67987200279,NA,NA,NA,NA,2408.05169750091,594.84205514817,2331.23557521422,521.664065960649,-2.515821891705,0.27316911930195,-2.55194594384928,0.299690187037168,"25, 50, 75, 100, 125, 150, 175, 200, 225, 250, 275, 300, 325, 350, 375, 400, 425, 450, 475, 500","NA, NA, 325, 314, 329, 337, 335, 350, 347, 337, 352, 341, 332, 324, 307, 293, NA, NA, NA, NA"
"110_ut_disgust_42-c_weird-tone-lemon.wav",2.128,2.1240589569161,0.880952380952381,0.176512968629586,0.0969858204294318,0.177688021921712,0.0988060084827356,NA,NA,NA,NA,0.0610965399369526,0.0159331417356496,0.0606923754746473,0.0138419074026385,8.73705752080935,1.38555025235341,3745.65736874704,1974.23896666835,NA,NA,NA,NA,NA,NA,NA,NA,NA,NA,NA,NA,970.440108892922,179.759951400253,984.613203266788,175.753460104906,338.33121614887,19.538965182166,804.888838475499,114.979096495448,804.253629764066,119.80237226855,1042.37749546279,59.7952682852806,1042.41719600726,44.5724114816233,1452.56352087114,275.615691357291,1428.14768602541,173.509277476177,NA,NA,NA,NA,1649.3269523428,177.825456035474,1638.12718685794,144.52900672667,-2.2600087588478,0.334208402072316,-2.19483126532109,0.262828211046197,"25, 50, 75, 100, 125, 150, 175, 200, 225, 250, 275, 300, 325, 350, 375, 400, 425, 450, 475, 500, 525, 550, 575, 600, 625, 650, 675, 700, 725, 750, 775, 800, 825, 850, 875, 900, 925, 950, 975, 1000, 1025, 1050, 1075, 1100, 1124, 1149, 1174, 1199, 1224, 1249, 1274, 1299, 1324, 1349, 1374, 1399, 1424, 1449, 1474, 1499, 1524, 1549, 1574, 1599, 1624, 1649, 1674, 1699, 1724, 1749, 1774, 1799, 1824, 1849, 1874, 1899, 1924, 1949, 1974, 1999, 2024, 2049, 2074, 2099","NA, NA, NA, NA, NA, NA, NA, NA, 318, 322, 326, 328, 329, 329, 331, 332, 331, 304, 304, 337, 338, 311, 339, 308, 335, 336, 334, 337, 341, 342, 355, 364, 363, 366, 355, 340, 337, 349, 380, 384, 367, 334, 331, 344, 353, 365, 372, 362, 347, 321, 325, 303, 342, 348, 344, 323, 301, 308, 325, 351, 375, 344, 332, 333, 333, 332, 332, 333, 337, 350, 377, 367, 335, 318, 322, 337, 365, 361, 335, 310, 311, 324, NA, NA"
"113_ut_disgust_44-m-toilet.wav",0.696,0.39984126984127,0.0769230769230769,0.112911035315714,0.11431404700384,0.211841017474657,0.0281610235563405,NA,NA,NA,NA,0.158213322334993,0.122281740738272,0.0596162057215373,0.0197094145137907,10.9858351578094,0.247392693381752,1292.54654375778,1075.26447082138,NA,NA,NA,NA,NA,NA,NA,NA,NA,NA,NA,NA,534.909255898367,319.382030500852,460.208711433757,0,152.065359777353,0,548.248638838475,160.215453493838,450.204174228675,14.1485522006932,1085.82577132486,435.199284994841,1060.48094373866,226.376835211081,2366.40653357532,1304.68342233422,2741.24319419238,735.724714436019,NA,NA,NA,NA,1942.70647447307,751.354682168962,2013.58592206604,264.745192676616,-2.58881568837537,0.228619764054222,-2.85594812283043,0.12711424464534,"25, 50, 75, 100, 125, 150, 175, 200, 225, 250, 275, 300, 325, 350, 375, 400, 425, 450, 475, 500, 525, 550, 575, 600, 625, 650","NA, NA, NA, 152, 152, NA, NA, NA, NA, NA, NA, NA, NA, NA, NA, NA, NA, NA, NA, NA, NA, NA, NA, NA, NA, NA"
"145_ut_effort_24.wav",1,0.899614512471656,0.102564102564103,0.134261202007246,0.0734069221053851,0.0997965786745261,0.01536027456652,NA,NA,NA,NA,0.0504559417618098,0.0214647096367001,0.0722749302746681,0.0202961553371344,11.1258095153768,1.50629065193151,1390.54237424373,1140.09201570889,NA,NA,NA,NA,NA,NA,NA,NA,NA,NA,NA,NA,798.647912885662,237.464284488518,1080.49001814882,16.3373408434241,466.036582127744,56.9250381239294,842.096188747732,154.637566950765,1070.48548094374,11.5522444969411,1340.60798548094,294.712118822595,1235.56034482759,135.092126940914,2402.80399274047,917.770107781216,4412.00090744102,151.946053106577,NA,NA,NA,NA,1940.64661634909,415.819063879991,2665.95939086637,116.365997606637,-3.02084567863676,0.299238854677698,-2.80483953863049,0.276636111044736,"25, 50, 75, 100, 125, 150, 175, 200, 225, 250, 275, 300, 325, 350, 375, 400, 425, 450, 475, 500, 525, 550, 575, 600, 625, 650, 675, 700, 725, 750, 775, 800, 825, 850, 875, 900, 925, 950, 975","NA, NA, NA, NA, NA, 510, 440, 398, 516, NA, NA, NA, NA, NA, NA, NA, NA, NA, NA, NA, NA, NA, NA, NA, NA, NA, NA, NA, NA, NA, NA, NA, NA, NA, NA, NA, NA, NA, NA"
"146_ut_effort_26.wav",0.642,0.624739229024944,0.333333333333333,0.169216095677227,0.0939094313820608,0.236443559687539,0.0768998389184623,NA,NA,NA,NA,0.0441439533883591,0.0120037461669765,0.040434202538456,0.0123905100898449,11.1389432445934,6.29670534310018,2949.59736325204,2188.10067133508,NA,NA,NA,NA,NA,NA,NA,NA,NA,NA,NA,NA,1131.34641560798,330.260650971483,1220.55353901996,333.960640231179,456.351649934055,160.308877736083,829.542876588022,178.964575837566,865.392468239565,197.71846891716,1322.26633393829,153.172632931448,1348.11138838475,72.4897589050533,2684.55081669691,783.607608986364,2756.25,549.820613217336,NA,NA,NA,NA,2030.56314897807,306.600767814567,2129.59269845456,279.412488706079,-2.82782197094496,0.221969665516417,-2.84083290982525,0.265131168819579,"25, 50, 75, 100, 125, 150, 175, 200, 225, 250, 275, 300, 325, 350, 375, 400, 425, 450, 475, 500, 525, 550, 575, 600","NA, 319, 348, 349, 347, 348, NA, NA, NA, 588, NA, NA, NA, 669, 683, NA, NA, NA, NA, NA, NA, NA, NA, NA"
"149_ut_effort_f_01.wav",1.902,1.29943310657596,0.0133333333333333,0.127902885092192,0.105291317171124,0.364053194174672,NA,NA,NA,NA,NA,0.0609741106573007,0.0295463185275634,0.0168302234508809,NA,27.5723522617463,NA,571.158435933212,NA,NA,NA,NA,NA,NA,NA,NA,NA,NA,NA,NA,NA,1374.09255898366,339.623899275989,1740.78947368421,NA,571.158435933212,NA,1346.7332123412,149.634127623449,1220.55353901996,NA,1865.74410163339,136.047643262808,1720.78039927405,NA,2655.49001814882,372.167887564052,2301.04355716878,NA,NA,NA,NA,NA,2354.41414200299,241.177649176857,2086.6337596402,NA,-2.71426389601719,0.336044004903459,-2.92720473007253,NA,"25, 50, 75, 100, 125, 150, 175, 200, 225, 250, 275, 300, 325, 350, 375, 400, 425, 450, 475, 500, 525, 550, 575, 600, 625, 650, 675, 700, 725, 750, 775, 800, 825, 850, 875, 900, 925, 950, 975, 1000, 1025, 1050, 1075, 1100, 1124, 1149, 1174, 1199, 1224, 1249, 1274, 1299, 1324, 1349, 1374, 1399, 1424, 1449, 1474, 1499, 1524, 1549, 1574, 1599, 1624, 1649, 1674, 1699, 1724, 1749, 1774, 1799, 1824, 1849, 1874","NA, NA, NA, NA, NA, NA, NA, NA, NA, NA, 571, NA, NA, NA, NA, NA, NA, NA, NA, NA, NA, NA, NA, NA, NA, NA, NA, NA, NA, NA, NA, NA, NA, NA, NA, NA, NA, NA, NA, NA, NA, NA, NA, NA, NA, NA, NA, NA, NA, NA, NA, NA, NA, NA, NA, NA, NA, NA, NA, NA, NA, NA, NA, NA, NA, NA, NA, NA, NA, NA, NA, NA, NA, NA, NA"
"192_ut_exams_20-f-happy-sigh.wav",1.25,0.949591836734694,0.73469387755102,0.182188935135234,0.129197095347543,0.244979660357432,0.0974163538878049,NA,NA,NA,NA,0.113583505633878,0.116461444016645,0.0587677539902115,0.0164951302536271,8.79505510810006,2.16289884958381,2547.33923599389,855.238694544032,NA,NA,NA,NA,NA,NA,NA,NA,NA,NA,NA,NA,1099.95830676411,424.862134043099,1112.26913632967,409.741907312812,467.27251772002,135.173444431815,1068.5927306617,211.990215873869,1056.94993060745,211.668496188773,1420.10349732673,225.908982162876,1388.27666275222,198.936267625354,3070.0409574729,904.703028267047,3011.95420091812,917.291269012121,NA,NA,NA,NA,2306.09590075443,337.765951242688,2279.36391186633,336.29563317091,-2.62296856041013,0.294224898052745,-2.60588376782238,0.29762428196096,"25, 50, 75, 100, 125, 150, 175, 200, 225, 250, 275, 300, 325, 350, 375, 400, 425, 450, 475, 500, 525, 550, 575, 600, 625, 650, 675, 700, 725, 750, 775, 800, 825, 850, 875, 900, 925, 950, 975, 1000, 1025, 1050, 1075, 1100, 1124, 1149, 1174, 1199, 1224","NA, NA, NA, NA, 655, 916, 908, 779, 582, 422, 460, 416, 457, 423, 426, 451, 456, 450, 450, 450, 415, 450, 415, 384, 434, 432, 431, 427, 423, 418, 417, 413, 413, 409, 397, 390, 373, 373, 361, 350, NA, NA, NA, NA, NA, NA, NA, NA, NA"
"194_ut_fear-bungee_00.wav",0.941,0.924603174603175,1,0.268482175224714,0.145292687110626,0.273924314909429,0.143642888298345,NA,NA,NA,NA,0.0942533371975104,0.0408413626945806,0.0938863315416998,0.0413773447409185,4.7774617901431,5.93363853508003,3215.49205837936,1835.7604750433,NA,NA,NA,NA,NA,NA,NA,NA,NA,NA,NA,NA,1680.20644283121,686.243098212339,1697.91288566243,687.867609017304,1105.22943994309,158.636875272287,1546.25680580762,596.4988782658,1562.42286751361,597.15234920977,1801.92831215971,588.532046322753,1816.82395644283,590.198866254665,2692.88793103448,951.18897087775,2699.50998185118,964.233360199541,NA,NA,NA,NA,2624.39158187587,594.034351056733,2634.66348785434,599.454241303662,-2.50339958446856,0.251015654360234,-2.49722248136106,0.251888907361349,"25, 50, 75, 100, 125, 150, 175, 200, 225, 250, 275, 300, 325, 350, 375, 400, 425, 450, 475, 500, 525, 550, 575, 600, 625, 650, 675, 700, 725, 750, 775, 800, 825, 850, 875, 900","724, 715, 804, 869, 753, 936, 1028, 1047, 1064, 1099, 1111, 1102, 1098, 1094, 1156, 1161, 1210, 1231, 1310, 1258, 1210, 1181, 1105, 1075, 1160, 1162, 1156, 1133, 1151, 1198, 1231, 1263, 1255, 1292, 1299, 1150"
"195_ut_fear-bungee_02.wav",2.474,2.47390022675737,0.908163265306122,0.222190308506884,0.093011564432491,0.238896478679732,0.0886243010069198,NA,NA,NA,NA,0.0697346579246337,0.0200959987445278,0.0679977633016513,0.0198910781586076,6.9374109253676,6.4161112028436,4350.32886239632,2652.59105806489,NA,NA,NA,NA,NA,NA,NA,NA,NA,NA,NA,NA,1386.54718693285,405.959011041713,1403.2554446461,424.999202658528,848.27415880757,217.041980783822,1165.63067150635,129.683528627289,1164.33756805808,135.796131246206,1647.89019963702,339.227780719011,1663.61161524501,361.2885033345,2265.92558983666,305.324722678063,2252.21188747731,309.455188762529,NA,NA,NA,NA,2289.14628878656,201.988088279524,2278.94902480698,202.634791967645,-2.72303214592503,0.324954836354659,-2.70061550212169,0.33633345010526,"25, 50, 75, 100, 125, 150, 175, 200, 225, 250, 275, 300, 325, 350, 375, 400, 425, 450, 475, 500, 525, 550, 575, 600, 625, 650, 675, 700, 725, 750, 775, 800, 825, 850, 875, 900, 925, 950, 975, 1000, 1025, 1050, 1075, 1100, 1124, 1149, 1174, 1199, 1224, 1249, 1274, 1299, 1324, 1349, 1374, 1399, 1424, 1449, 1474, 1499, 1524, 1549, 1574, 1599, 1624, 1649, 1674, 1699, 1724, 1749, 1774, 1799, 1824, 1849, 1874, 1899, 1924, 1949, 1974, 1999, 2024, 2049, 2074, 2099, 2124, 2149, 2174, 2199, 2224, 2249, 2274, 2299, 2324, 2349, 2374, 2399, 2424, 2449","955, 802, 900, 900, 936, 949, 691, 499, 508, 516, 534, 991, 972, 1020, 1033, 1029, 1042, 1049, 1057, 1062, 1057, 1054, 1039, 993, 832, 836, 660, 662, 652, 640, 618, 812, 910, 920, 904, 862, 905, 827, 887, 984, 973, 920, 877, 969, 908, 963, 1010, 983, 992, 1025, 1020, 1003, 1087, 1074, 1072, 1057, 1056, 1062, 1052, 1053, 1051, 1048, 1045, 1016, 1045, 1092, 1084, 1030, 1042, 1020, 756, 548, 524, 480, 518, 503, NA, NA, NA, NA, NA, 749, 595, 486, 436, NA, NA, NA, NA, 369, 431, 470, 502, 523, 497, 518, 732, 732"
"208_ut_fear_23-scream-laugh.wav",2.537,1.9991156462585,0.38,0.130593645416907,0.111545556493523,0.130113678855707,0.0862482858533794,NA,NA,NA,NA,0.087673502255849,0.0404905444550584,0.0724060163668598,0.0240274248975254,-1.37510643203587,5.32309341175838,5514.85549895754,2988.68618759714,NA,NA,NA,NA,NA,NA,NA,NA,NA,NA,NA,NA,1346.11773060838,264.826022747137,1209.03316284441,82.5041226978601,1058.83059761974,148.3902783068,1222.8734317052,273.114622649485,1065.33162844415,289.658146377709,1592.02635524343,376.460328745757,1269.66672166309,175.799028403129,2396.44914384913,591.738563563159,2114.29219600726,626.056781466838,NA,NA,NA,NA,2227.5467388875,330.023422172427,2030.9322397476,270.431423536483,-2.62058614035765,0.507132318032657,-2.25003133397543,0.464543195876508,"25, 50, 75, 100, 125, 150, 175, 200, 225, 250, 275, 300, 325, 350, 375, 400, 425, 450, 475, 500, 525, 550, 575, 600, 625, 650, 675, 700, 725, 750, 775, 800, 825, 850, 875, 900, 925, 950, 975, 1000, 1025, 1050, 1075, 1100, 1124, 1149, 1174, 1199, 1224, 1249, 1274, 1299, 1324, 1349, 1374, 1399, 1424, 1449, 1474, 1499, 1524, 1549, 1574, 1599, 1624, 1649, 1674, 1699, 1724, 1749, 1774, 1799, 1824, 1849, 1874, 1899, 1924, 1949, 1974, 1999, 2024, 2049, 2074, 2099, 2124, 2149, 2174, 2199, 2224, 2249, 2274, 2299, 2324, 2349, 2374, 2399, 2424, 2449, 2474, 2499","NA, 830, 712, 610, NA, NA, NA, NA, NA, 737, NA, NA, NA, NA, NA, NA, NA, NA, NA, NA, NA, NA, NA, NA, NA, NA, NA, NA, NA, NA, NA, NA, NA, NA, NA, NA, 1039, 1042, 1047, 1053, 1064, NA, NA, NA, NA, NA, 808, 1038, 958, NA, NA, NA, NA, NA, 1058, 1087, 1092, 1182, 1233, 1289, 1239, 1221, 1180, 1172, 1164, 1158, 1158, 1159, 1148, 1147, 1141, 1142, 1091, 1046, 1042, 1032, 1037, 1039, 1029, 1011, NA, NA, NA, NA, NA, NA, NA, NA, NA, NA, NA, NA, NA, NA, NA, NA, NA, NA, NA, NA"
"287_ut_laugh-amused_39-m.wav",1.301,1.05266439909297,0.5625,0.124532856117842,0.103468682024595,0.195213180914901,0.0845590661340063,NA,NA,NA,NA,0.118503582579888,0.10349711301688,0.0762471663044215,0.0247693239295934,-2.97484792752781,1.12333391317081,5854.2972165745,3485.7237300511,NA,NA,NA,NA,NA,NA,NA,NA,NA,NA,NA,NA,384.868421052632,150.399153110877,439.913793103448,140.566150844506,1510.86037598982,88.8926974668323,475.521778584392,164.233280139743,436.483666061706,79.0071202501866,1180.94373865699,629.730473029277,858.675136116153,368.41383693033,2864.76860254083,754.938687719973,2506.85117967332,399.376614240542,NA,NA,NA,NA,2246.63570239684,627.061353720381,1919.75900837964,325.050806193061,-2.81610571587259,0.309275512433283,-2.8090258162789,0.351460388518466,"12, 17, 22, 27, 32, 37, 42, 47, 52, 57, 62, 67, 72, 77, 82, 87, 92, 97, 102, 107, 112, 117, 122, 127, 132, 137, 142, 147, 152, 157, 162, 167, 172, 177, 182, 187, 192, 197, 202, 207, 212, 217, 222, 227, 232, 237, 242, 247, 252, 257, 262, 267, 272, 277, 282, 287, 292, 297, 302, 307, 312, 317, 322, 327, 332, 337, 342, 347, 352, 357, 362, 367, 372, 377, 382, 387, 392, 397, 402, 407, 412, 417, 422, 427, 432, 437, 442, 447, 451, 456, 461, 466, 471, 476, 481, 486, 491, 496, 501, 506, 511, 516, 521, 526, 531, 536, 541, 546, 551, 556, 561, 566, 571, 576, 581, 586, 591, 596, 601, 606, 611, 616, 621, 626, 631, 636, 641, 646, 651, 656, 661, 666, 671, 676, 681, 686, 691, 696, 701, 706, 711, 716, 721, 726, 731, 736, 741, 746, 751, 756, 761, 766, 771, 776, 781, 786, 791, 796, 801, 806, 811, 816, 821, 826, 831, 836, 841, 846, 851, 856, 861, 866, 871, 876, 881, 886, 890, 895, 900, 905, 910, 915, 920, 925, 930, 935, 940, 945, 950, 955, 960, 965, 970, 975, 980, 985, 990, 995, 1000, 1005, 1010, 1015, 1020, 1025, 1030, 1035, 1040, 1045, 1050, 1055, 1060, 1065, 1070, 1075, 1080, 1085, 1090, 1095, 1100, 1105, 1110, 1115, 1120, 1125, 1130, 1135, 1140, 1145, 1150, 1155, 1160, 1165, 1170, 1175, 1180, 1185, 1190, 1195, 1200, 1205, 1210, 1215, 1220, 1225, 1230, 1235, 1240, 1245, 1250, 1255, 1260, 1265, 1270, 1275, 1280, 1285","NA, NA, NA, NA, NA, NA, NA, NA, NA, NA, NA, NA, NA, NA, NA, NA, NA, NA, NA, NA, NA, NA, NA, NA, NA, NA, NA, NA, NA, NA, NA, NA, NA, NA, NA, NA, NA, NA, NA, NA, NA, NA, NA, NA, NA, NA, NA, NA, NA, NA, NA, NA, NA, NA, NA, NA, NA, NA, NA, NA, NA, NA, NA, NA, NA, NA, NA, NA, NA, NA, NA, NA, NA, 1675, 1660, 1638, 1566, 1583, 1589, 1403, 1493, 1528, 1527, 1496, 1489, 1482, 1471, 1452, 1453, 1478, 1511, 1479, 1443, 1446, 1441, 1423, 1542, 1571, 1607, 1591, 1372, 1386, 1416, 1669, 1547, 1405, 1569, 1607, 1664, 1680, 1670, 1644, 1666, 1672, 1598, 1554, 1399, 1400, 1417, 1417, 1438, 1370, 1362, 1438, 1389, 1418, 1411, 1446, 1463, 1460, 1465, 1486, 1470, 1449, 1526, 1524, 1402, 1358, 1616, 1602, 1572, 1643, 1649, 1623, 1611, 1607, 1634, 1611, 1578, 1558, 1408, 1412, 1452, 1488, 1488, 1409, 1429, 1471, 1492, 1498, 1488, 1473, 1479, 1544, 1554, 1535, 1464, 1448, 1437, 1453, 1431, 1413, 1404, 1414, 1376, 1376, 1690, 1732, 1675, 1534, 1640, 1570, 1569, 1485, 1547, 1534, 1488, 1506, 1488, 1466, 1466, 1466, 1471, 1471, 1467, 1464, 1481, 1494, 1556, 1580, 1592, 1543, 1447, 1422, 1467, 1507, 1463, 1431, 1460, 1475, 1476, 1649, 1678, 1669, 1676, 1471, 1495, NA, NA, NA, NA, NA, NA, NA, NA, NA, NA, NA, NA, NA, NA, NA, NA, NA, NA, NA, NA, NA, NA, NA, NA, NA, NA, NA, NA, NA, NA, NA, NA, NA, NA, NA, NA, NA, NA, NA"
"283_ut_laugh-amused_35-m.wav",8.075,7.40821995464852,0.168525402726146,0.106605817671557,0.104657448247912,0.197620486180619,0.0925958008608614,NA,NA,NA,NA,0.103763071472157,0.0503977050277163,0.082526866626749,0.028080089893451,7.54574182679151,5.85157622843257,3986.88974819649,2728.2997353753,NA,NA,NA,NA,NA,NA,NA,NA,NA,NA,NA,NA,1202.86676132891,776.7475439996,1019.8173409051,718.464278146365,731.056768168659,408.650974095651,1206.35020640757,369.380406848253,1078.55365610913,411.639635719454,2143.27252381445,528.906957998284,2145.70429131784,608.243825711419,3943.8818728078,865.62379905606,3961.5815818746,848.826424386431,NA,NA,NA,NA,2872.94845937133,501.199039559594,2876.44996090986,538.33243346821,-3.08602253977127,0.364966272164619,-3.04613656078876,0.356609771806502,"12, 17, 22, 27, 32, 37, 42, 47, 52, 57, 62, 67, 72, 77, 82, 87, 92, 97, 102, 107, 112, 117, 122, 127, 132, 137, 142, 147, 152, 157, 162, 167, 172, 177, 182, 187, 192, 197, 202, 207, 212, 217, 222, 227, 232, 237, 242, 247, 252, 257, 262, 267, 272, 277, 282, 287, 292, 297, 302, 307, 312, 317, 322, 327, 332, 337, 342, 347, 352, 357, 362, 367, 372, 377, 382, 387, 392, 397, 402, 407, 412, 417, 422, 427, 432, 437, 442, 447, 451, 456, 461, 466, 471, 476, 481, 486, 491, 496, 501, 506, 511, 516, 521, 526, 531, 536, 541, 546, 551, 556, 561, 566, 571, 576, 581, 586, 591, 596, 601, 606, 611, 616, 621, 626, 631, 636, 641, 646, 651, 656, 661, 666, 671, 676, 681, 686, 691, 696, 701, 706, 711, 716, 721, 726, 731, 736, 741, 746, 751, 756, 761, 766, 771, 776, 781, 786, 791, 796, 801, 806, 811, 816, 821, 826, 831, 836, 841, 846, 851, 856, 861, 866, 871, 876, 881, 886, 890, 895, 900, 905, 910, 915, 920, 925, 930, 935, 940, 945, 950, 955, 960, 965, 970, 975, 980, 985, 990, 995, 1000, 1005, 1010, 1015, 1020, 1025, 1030, 1035, 1040, 1045, 1050, 1055, 1060, 1065, 1070, 1075, 1080, 1085, 1090, 1095, 1100, 1105, 1110, 1115, 1120, 1125, 1130, 1135, 1140, 1145, 1150, 1155, 1160, 1165, 1170, 1175, 1180, 1185, 1190, 1195, 1200, 1205, 1210, 1215, 1220, 1225, 1230, 1235, 1240, 1245, 1250, 1255, 1260, 1265, 1270, 1275, 1280, 1285, 1290, 1295, 1300, 1305, 1310, 1315, 1320, 1325, 1330, 1334, 1339, 1344, 1349, 1354, 1359, 1364, 1369, 1374, 1379, 1384, 1389, 1394, 1399, 1404, 1409, 1414, 1419, 1424, 1429, 1434, 1439, 1444, 1449, 1454, 1459, 1464, 1469, 1474, 1479, 1484, 1489, 1494, 1499, 1504, 1509, 1514, 1519, 1524, 1529, 1534, 1539, 1544, 1549, 1554, 1559, 1564, 1569, 1574, 1579, 1584, 1589, 1594, 1599, 1604, 1609, 1614, 1619, 1624, 1629, 1634, 1639, 1644, 1649, 1654, 1659, 1664, 1669, 1674, 1679, 1684, 1689, 1694, 1699, 1704, 1709, 1714, 1719, 1724, 1729, 1734, 1739, 1744, 1749, 1754, 1759, 1764, 1769, 1773, 1778, 1783, 1788, 1793, 1798, 1803, 1808, 1813, 1818, 1823, 1828, 1833, 1838, 1843, 1848, 1853, 1858, 1863, 1868, 1873, 1878, 1883, 1888, 1893, 1898, 1903, 1908, 1913, 1918, 1923, 1928, 1933, 1938, 1943, 1948, 1953, 1958, 1963, 1968, 1973, 1978, 1983, 1988, 1993, 1998, 2003, 2008, 2013, 2018, 2023, 2028, 2033, 2038, 2043, 2048, 2053, 2058, 2063, 2068, 2073, 2078, 2083, 2088, 2093, 2098, 2103, 2108, 2113, 2118, 2123, 2128, 2133, 2138, 2143, 2148, 2153, 2158, 2163, 2168, 2173, 2178, 2183, 2188, 2193, 2198, 2203, 2208, 2212, 2217, 2222, 2227, 2232, 2237, 2242, 2247, 2252, 2257, 2262, 2267, 2272, 2277, 2282, 2287, 2292, 2297, 2302, 2307, 2312, 2317, 2322, 2327, 2332, 2337, 2342, 2347, 2352, 2357, 2362, 2367, 2372, 2377, 2382, 2387, 2392, 2397, 2402, 2407, 2412, 2417, 2422, 2427, 2432, 2437, 2442, 2447, 2452, 2457, 2462, 2467, 2472, 2477, 2482, 2487, 2492, 2497, 2502, 2507, 2512, 2517, 2522, 2527, 2532, 2537, 2542, 2547, 2552, 2557, 2562, 2567, 2572, 2577, 2582, 2587, 2592, 2597, 2602, 2607, 2612, 2617, 2622, 2627, 2632, 2637, 2642, 2647, 2651, 2656, 2661, 2666, 2671, 2676, 2681, 2686, 2691, 2696, 2701, 2706, 2711, 2716, 2721, 2726, 2731, 2736, 2741, 2746, 2751, 2756, 2761, 2766, 2771, 2776, 2781, 2786, 2791, 2796, 2801, 2806, 2811, 2816, 2821, 2826, 2831, 2836, 2841, 2846, 2851, 2856, 2861, 2866, 2871, 2876, 2881, 2886, 2891, 2896, 2901, 2906, 2911, 2916, 2921, 2926, 2931, 2936, 2941, 2946, 2951, 2956, 2961, 2966, 2971, 2976, 2981, 2986, 2991, 2996, 3001, 3006, 3011, 3016, 3021, 3026, 3031, 3036, 3041, 3046, 3051, 3056, 3061, 3066, 3071, 3076, 3081, 3086, 3090, 3095, 3100, 3105, 3110, 3115, 3120, 3125, 3130, 3135, 3140, 3145, 3150, 3155, 3160, 3165, 3170, 3175, 3180, 3185, 3190, 3195, 3200, 3205, 3210, 3215, 3220, 3225, 3230, 3235, 3240, 3245, 3250, 3255, 3260, 3265, 3270, 3275, 3280, 3285, 3290, 3295, 3300, 3305, 3310, 3315, 3320, 3325, 3330, 3335, 3340, 3345, 3350, 3355, 3360, 3365, 3370, 3375, 3380, 3385, 3390, 3395, 3400, 3405, 3410, 3415, 3420, 3425, 3430, 3435, 3440, 3445, 3450, 3455, 3460, 3465, 3470, 3475, 3480, 3485, 3490, 3495, 3500, 3505, 3510, 3515, 3520, 3525, 3530, 3534, 3539, 3544, 3549, 3554, 3559, 3564, 3569, 3574, 3579, 3584, 3589, 3594, 3599, 3604, 3609, 3614, 3619, 3624, 3629, 3634, 3639, 3644, 3649, 3654, 3659, 3664, 3669, 3674, 3679, 3684, 3689, 3694, 3699, 3704, 3709, 3714, 3719, 3724, 3729, 3734, 3739, 3744, 3749, 3754, 3759, 3764, 3769, 3774, 3779, 3784, 3789, 3794, 3799, 3804, 3809, 3814, 3819, 3824, 3829, 3834, 3839, 3844, 3849, 3854, 3859, 3864, 3869, 3874, 3879, 3884, 3889, 3894, 3899, 3904, 3909, 3914, 3919, 3924, 3929, 3934, 3939, 3944, 3949, 3954, 3959, 3964, 3969, 3973, 3978, 3983, 3988, 3993, 3998, 4003, 4008, 4013, 4018, 4023, 4028, 4033, 4038, 4043, 4048, 4053, 4058, 4063, 4068, 4073, 4078, 4083, 4088, 4093, 4098, 4103, 4108, 4113, 4118, 4123, 4128, 4133, 4138, 4143, 4148, 4153, 4158, 4163, 4168, 4173, 4178, 4183, 4188, 4193, 4198, 4203, 4208, 4213, 4218, 4223, 4228, 4233, 4238, 4243, 4248, 4253, 4258, 4263, 4268, 4273, 4278, 4283, 4288, 4293, 4298, 4303, 4308, 4313, 4318, 4323, 4328, 4333, 4338, 4343, 4348, 4353, 4358, 4363, 4368, 4373, 4378, 4383, 4388, 4393, 4398, 4403, 4408, 4412, 4417, 4422, 4427, 4432, 4437, 4442, 4447, 4452, 4457, 4462, 4467, 4472, 4477, 4482, 4487, 4492, 4497, 4502, 4507, 4512, 4517, 4522, 4527, 4532, 4537, 4542, 4547, 4552, 4557, 4562, 4567, 4572, 4577, 4582, 4587, 4592, 4597, 4602, 4607, 4612, 4617, 4622, 4627, 4632, 4637, 4642, 4647, 4652, 4657, 4662, 4667, 4672, 4677, 4682, 4687, 4692, 4697, 4702, 4707, 4712, 4717, 4722, 4727, 4732, 4737, 4742, 4747, 4752, 4757, 4762, 4767, 4772, 4777, 4782, 4787, 4792, 4797, 4802, 4807, 4812, 4817, 4822, 4827, 4832, 4837, 4842, 4847, 4851, 4856, 4861, 4866, 4871, 4876, 4881, 4886, 4891, 4896, 4901, 4906, 4911, 4916, 4921, 4926, 4931, 4936, 4941, 4946, 4951, 4956, 4961, 4966, 4971, 4976, 4981, 4986, 4991, 4996, 5001, 5006, 5011, 5016, 5021, 5026, 5031, 5036, 5041, 5046, 5051, 5056, 5061, 5066, 5071, 5076, 5081, 5086, 5091, 5096, 5101, 5106, 5111, 5116, 5121, 5126, 5131, 5136, 5141, 5146, 5151, 5156, 5161, 5166, 5171, 5176, 5181, 5186, 5191, 5196, 5201, 5206, 5211, 5216, 5221, 5226, 5231, 5236, 5241, 5246, 5251, 5256, 5261, 5266, 5271, 5276, 5281, 5286, 5290, 5295, 5300, 5305, 5310, 5315, 5320, 5325, 5330, 5335, 5340, 5345, 5350, 5355, 5360, 5365, 5370, 5375, 5380, 5385, 5390, 5395, 5400, 5405, 5410, 5415, 5420, 5425, 5430, 5435, 5440, 5445, 5450, 5455, 5460, 5465, 5470, 5475, 5480, 5485, 5490, 5495, 5500, 5505, 5510, 5515, 5520, 5525, 5530, 5535, 5540, 5545, 5550, 5555, 5560, 5565, 5570, 5575, 5580, 5585, 5590, 5595, 5600, 5605, 5610, 5615, 5620, 5625, 5630, 5635, 5640, 5645, 5650, 5655, 5660, 5665, 5670, 5675, 5680, 5685, 5690, 5695, 5700, 5705, 5710, 5715, 5720, 5725, 5730, 5734, 5739, 5744, 5749, 5754, 5759, 5764, 5769, 5774, 5779, 5784, 5789, 5794, 5799, 5804, 5809, 5814, 5819, 5824, 5829, 5834, 5839, 5844, 5849, 5854, 5859, 5864, 5869, 5874, 5879, 5884, 5889, 5894, 5899, 5904, 5909, 5914, 5919, 5924, 5929, 5934, 5939, 5944, 5949, 5954, 5959, 5964, 5969, 5974, 5979, 5984, 5989, 5994, 5999, 6004, 6009, 6014, 6019, 6024, 6029, 6034, 6039, 6044, 6049, 6054, 6059, 6064, 6069, 6074, 6079, 6084, 6089, 6094, 6099, 6104, 6109, 6114, 6119, 6124, 6129, 6134, 6139, 6144, 6149, 6154, 6159, 6164, 6169, 6173, 6178, 6183, 6188, 6193, 6198, 6203, 6208, 6213, 6218, 6223, 6228, 6233, 6238, 6243, 6248, 6253, 6258, 6263, 6268, 6273, 6278, 6283, 6288, 6293, 6298, 6303, 6308, 6313, 6318, 6323, 6328, 6333, 6338, 6343, 6348, 6353, 6358, 6363, 6368, 6373, 6378, 6383, 6388, 6393, 6398, 6403, 6408, 6413, 6418, 6423, 6428, 6433, 6438, 6443, 6448, 6453, 6458, 6463, 6468, 6473, 6478, 6483, 6488, 6493, 6498, 6503, 6508, 6513, 6518, 6523, 6528, 6533, 6538, 6543, 6548, 6553, 6558, 6563, 6568, 6573, 6578, 6583, 6588, 6593, 6598, 6603, 6608, 6612, 6617, 6622, 6627, 6632, 6637, 6642, 6647, 6652, 6657, 6662, 6667, 6672, 6677, 6682, 6687, 6692, 6697, 6702, 6707, 6712, 6717, 6722, 6727, 6732, 6737, 6742, 6747, 6752, 6757, 6762, 6767, 6772, 6777, 6782, 6787, 6792, 6797, 6802, 6807, 6812, 6817, 6822, 6827, 6832, 6837, 6842, 6847, 6852, 6857, 6862, 6867, 6872, 6877, 6882, 6887, 6892, 6897, 6902, 6907, 6912, 6917, 6922, 6927, 6932, 6937, 6942, 6947, 6952, 6957, 6962, 6967, 6972, 6977, 6982, 6987, 6992, 6997, 7002, 7007, 7012, 7017, 7022, 7027, 7032, 7037, 7042, 7047, 7051, 7056, 7061, 7066, 7071, 7076, 7081, 7086, 7091, 7096, 7101, 7106, 7111, 7116, 7121, 7126, 7131, 7136, 7141, 7146, 7151, 7156, 7161, 7166, 7171, 7176, 7181, 7186, 7191, 7196, 7201, 7206, 7211, 7216, 7221, 7226, 7231, 7236, 7241, 7246, 7251, 7256, 7261, 7266, 7271, 7276, 7281, 7286, 7291, 7296, 7301, 7306, 7311, 7316, 7321, 7326, 7331, 7336, 7341, 7346, 7351, 7356, 7361, 7366, 7371, 7376, 7381, 7386, 7391, 7396, 7401, 7406, 7411, 7416, 7421, 7426, 7431, 7436, 7441, 7446, 7451, 7456, 7461, 7466, 7471, 7476, 7481, 7486, 7490, 7495, 7500, 7505, 7510, 7515, 7520, 7525, 7530, 7535, 7540, 7545, 7550, 7555, 7560, 7565, 7570, 7575, 7580, 7585, 7590, 7595, 7600, 7605, 7610, 7615, 7620, 7625, 7630, 7635, 7640, 7645, 7650, 7655, 7660, 7665, 7670, 7675, 7680, 7685, 7690, 7695, 7700, 7705, 7710, 7715, 7720, 7725, 7730, 7735, 7740, 7745, 7750, 7755, 7760, 7765, 7770, 7775, 7780, 7785, 7790, 7795, 7800, 7805, 7810, 7815, 7820, 7825, 7830, 7835, 7840, 7845, 7850, 7855, 7860, 7865, 7870, 7875, 7880, 7885, 7890, 7895, 7900, 7905, 7910, 7915, 7920, 7925, 7930, 7934, 7939, 7944, 7949, 7954, 7959, 7964, 7969, 7974, 7979, 7984, 7989, 7994, 7999, 8004, 8009, 8014, 8019, 8024, 8029, 8034, 8039, 8044, 8049, 8054, 8059","NA, NA, NA, NA, NA, NA, NA, NA, NA, NA, NA, NA, NA, NA, NA, NA, NA, NA, NA, NA, 1182, 1190, 1197, 1176, 1154, 1140, 1173, 1184, 1176, NA, NA, NA, NA, NA, NA, NA, NA, NA, NA, NA, NA, NA, NA, NA, NA, NA, NA, NA, NA, NA, NA, NA, NA, NA, NA, NA, NA, NA, NA, NA, NA, NA, NA, NA, NA, NA, NA, NA, NA, NA, NA, NA, NA, NA, NA, NA, NA, NA, NA, NA, NA, NA, NA, NA, NA, NA, NA, NA, NA, NA, NA, NA, NA, NA, NA, NA, NA, NA, NA, NA, NA, NA, NA, NA, NA, NA, NA, NA, NA, NA, NA, NA, NA, NA, NA, NA, NA, NA, NA, NA, NA, NA, NA, NA, NA, NA, NA, NA, NA, NA, NA, NA, NA, NA, NA, NA, NA, NA, NA, NA, NA, NA, NA, NA, NA, NA, NA, NA, NA, NA, NA, NA, NA, NA, NA, NA, NA, NA, NA, NA, NA, NA, NA, NA, NA, NA, NA, NA, NA, NA, NA, NA, NA, NA, NA, NA, NA, NA, NA, NA, NA, NA, NA, NA, NA, NA, NA, NA, NA, NA, NA, NA, NA, NA, NA, NA, NA, NA, NA, NA, NA, NA, NA, NA, NA, NA, NA, NA, NA, NA, NA, NA, NA, NA, NA, NA, NA, NA, NA, NA, NA, NA, NA, NA, NA, NA, NA, NA, NA, NA, NA, NA, NA, NA, NA, NA, 1371, 1373, 1358, 1348, 1442, 1359, 1366, 1397, 1103, 1029, 914, 786, 679, 585, 512, 481, 443, 396, 328, 328, 327, NA, NA, NA, NA, NA, NA, NA, NA, NA, NA, NA, NA, NA, NA, NA, NA, NA, NA, NA, NA, NA, NA, NA, NA, NA, NA, NA, NA, NA, NA, NA, NA, NA, NA, NA, NA, NA, NA, NA, NA, NA, NA, NA, NA, NA, NA, NA, NA, NA, NA, NA, NA, NA, NA, NA, NA, NA, NA, 1369, 1366, 1374, 1386, 1386, 1391, 1358, 1365, 1208, 1125, 1068, 984, 896, 804, 719, 640, 564, 499, 443, 311, 311, 310, 309, 308, 308, NA, NA, NA, NA, NA, NA, NA, NA, NA, NA, NA, NA, NA, NA, NA, NA, NA, NA, NA, NA, NA, NA, NA, NA, NA, NA, NA, NA, NA, NA, NA, NA, NA, NA, NA, NA, NA, NA, NA, NA, NA, NA, NA, NA, NA, NA, NA, NA, NA, NA, NA, NA, NA, NA, NA, NA, NA, NA, NA, NA, NA, NA, NA, NA, NA, NA, NA, NA, NA, NA, NA, NA, NA, NA, NA, NA, NA, NA, NA, 290, 292, 295, 295, 294, NA, NA, NA, NA, NA, NA, NA, NA, NA, NA, NA, NA, NA, NA, NA, NA, NA, NA, NA, NA, NA, NA, NA, NA, NA, NA, NA, NA, NA, NA, NA, NA, NA, NA, NA, NA, NA, NA, NA, NA, NA, NA, NA, NA, NA, NA, NA, NA, NA, NA, NA, NA, NA, NA, NA, NA, NA, NA, NA, NA, NA, NA, NA, NA, NA, NA, NA, NA, NA, NA, NA, NA, NA, NA, NA, NA, NA, NA, NA, NA, NA, NA, NA, NA, NA, NA, NA, NA, NA, NA, NA, NA, NA, NA, NA, NA, NA, NA, NA, NA, NA, NA, NA, NA, NA, NA, NA, NA, NA, NA, NA, NA, NA, NA, NA, NA, NA, NA, NA, NA, NA, NA, NA, NA, NA, NA, NA, NA, NA, NA, NA, NA, NA, NA, NA, NA, NA, NA, NA, NA, NA, NA, NA, NA, NA, NA, NA, NA, NA, NA, NA, NA, NA, NA, NA, NA, NA, NA, NA, NA, NA, NA, NA, NA, NA, NA, NA, NA, NA, NA, NA, NA, NA, NA, NA, NA, NA, NA, NA, NA, NA, NA, NA, NA, NA, NA, NA, NA, NA, NA, NA, NA, NA, NA, NA, NA, NA, NA, NA, NA, NA, NA, NA, NA, NA, NA, NA, NA, NA, NA, NA, NA, NA, NA, NA, NA, NA, NA, NA, NA, NA, NA, NA, NA, NA, NA, NA, NA, NA, NA, NA, NA, NA, NA, NA, NA, NA, NA, NA, NA, NA, NA, NA, NA, NA, NA, NA, NA, NA, NA, NA, NA, NA, NA, NA, NA, NA, NA, NA, NA, NA, NA, NA, NA, NA, NA, NA, NA, NA, NA, NA, NA, NA, NA, NA, NA, NA, NA, NA, NA, NA, NA, NA, NA, NA, NA, NA, NA, NA, NA, NA, NA, NA, NA, NA, NA, NA, NA, NA, NA, NA, NA, NA, NA, NA, NA, NA, NA, NA, NA, 289, 291, 293, 291, NA, NA, NA, NA, NA, NA, NA, NA, NA, NA, NA, NA, NA, NA, NA, NA, NA, NA, NA, NA, NA, NA, NA, NA, NA, NA, NA, NA, NA, NA, NA, NA, NA, NA, NA, NA, NA, NA, NA, NA, NA, NA, NA, NA, NA, NA, NA, NA, NA, NA, NA, NA, NA, NA, NA, NA, NA, NA, NA, NA, NA, NA, NA, NA, NA, NA, NA, NA, NA, NA, NA, NA, NA, NA, NA, NA, NA, NA, NA, NA, NA, NA, NA, NA, NA, NA, NA, NA, NA, NA, NA, NA, NA, NA, NA, NA, NA, NA, NA, NA, NA, NA, NA, NA, NA, NA, NA, NA, NA, NA, NA, NA, NA, NA, NA, NA, NA, NA, NA, NA, NA, NA, NA, NA, NA, NA, NA, NA, NA, NA, NA, NA, NA, NA, NA, NA, NA, NA, NA, NA, NA, NA, NA, NA, NA, NA, NA, NA, 1091, 554, 559, 572, 585, 590, 589, NA, NA, NA, NA, NA, NA, NA, NA, NA, NA, NA, NA, NA, NA, NA, NA, NA, NA, NA, NA, NA, NA, NA, NA, NA, NA, NA, NA, NA, NA, NA, NA, NA, NA, NA, NA, NA, NA, NA, NA, NA, NA, NA, NA, NA, NA, NA, NA, NA, NA, NA, NA, NA, NA, NA, NA, NA, NA, NA, NA, NA, NA, NA, NA, NA, NA, NA, NA, NA, NA, NA, NA, 318, 319, 322, 321, NA, NA, NA, NA, NA, NA, NA, NA, NA, NA, NA, NA, NA, NA, NA, NA, NA, NA, NA, NA, NA, NA, NA, NA, NA, NA, NA, NA, NA, NA, NA, NA, NA, NA, NA, NA, NA, NA, NA, NA, NA, NA, NA, 288, 289, 289, 287, NA, NA, NA, NA, NA, NA, NA, NA, NA, NA, NA, NA, NA, NA, NA, NA, 1506, 1484, 1498, 1634, NA, NA, NA, NA, NA, NA, NA, NA, NA, NA, NA, NA, NA, NA, NA, NA, NA, NA, NA, NA, NA, NA, NA, 275, 277, 278, 278, 276, 274, NA, NA, NA, NA, NA, NA, NA, NA, NA, NA, NA, NA, NA, NA, NA, NA, NA, NA, NA, NA, NA, NA, NA, NA, NA, NA, NA, NA, NA, NA, NA, NA, NA, NA, NA, NA, NA, NA, NA, NA, 1308, 1301, 1299, 1303, 1299, 945, 1000, 1003, 1003, 1003, 903, 1009, 1003, 1000, 1016, 1038, 1020, 1034, 992, 1000, 1016, 983, 960, 1034, 1041, 1062, 758, 546, 547, 546, 547, 544, 620, 581, 561, 568, 618, 576, 673, 727, 776, 846, 1136, 1149, 961, 1011, 1057, 1093, 1112, 1143, 1099, 1067, 1053, 1065, 1094, 1084, 1063, 1061, 1068, NA, NA, NA, NA, NA, NA, NA, NA, NA, NA, NA, NA, NA, NA, NA, NA, NA, NA, NA, 384, 379, 368, 352, 338, 328, 319, 312, 306, 299, 297, 298, 301, 303, 304, 306, 311, 353, 378, 410, 450, 501, 566, 647, 750, 877, 1036, 1381, 1369, NA, NA, NA, NA, NA, NA, NA, NA, NA, NA, NA, NA, NA, NA, NA, NA, NA, NA, NA, NA, NA, NA, NA, NA, NA, NA, NA, NA, NA, NA, 1309, 1328, 1313, 1314, 1365, 1298, 1223, 1138, 1298, 1287, 1287, 1223, 1138, 789, 923, 1307, 1289, 1287, 1296, NA, NA, NA, NA, NA, NA, NA, NA, NA, NA, NA, NA, NA, NA, NA, NA, NA, NA, NA, NA, NA, NA, NA, NA, 1334, 1312, 1283, 735, 613, 547, 384, 385, 378, 370, 337, 295, 287, 278, 276, 273, 288, 285, 285, 286, 287, 289, 294, 298, 349, 383, 424, 476, 544, 634, 752, 907, 1108, 1376, NA, NA, NA, NA, NA, NA, NA, NA, NA, NA, NA, NA, NA, NA, NA, NA, NA, NA, NA, NA, NA, NA, 437, 433, 426, 417, 402, 394, 393, 394, 395, 391, 385, 449, 506, 574, 665, 787, 953, 1355, 1343, NA, NA, NA, NA, NA, NA, NA, NA, NA, NA, NA, NA, NA, NA, NA, NA, NA, 317, 319, 323, 324, 324, 322, 319, 316, 313, 325, 334, 346, 361, 381, NA, NA, NA, NA, NA, NA, NA, NA, NA, NA, NA, NA, NA, NA, NA, NA, NA, NA, NA, NA, NA, NA, NA, NA, NA, NA, NA, NA, 272, 272, 275, 279, 281, 283, 286, 288, 291, NA, NA, NA, NA, NA, NA, NA, NA, NA, NA, NA, NA, NA, NA, NA, NA, NA, NA, NA, NA, NA, NA, NA, NA, NA, NA, NA, NA, NA, NA, NA, NA, NA, NA, NA, NA, NA, NA, NA, NA, NA, NA, NA, NA, NA, NA, NA, NA, NA, NA, NA, NA, NA, NA, NA, NA, NA, NA, NA, NA, NA, NA, NA, NA, NA, NA, NA, NA, NA, NA, NA, NA, NA, NA, NA, NA, NA, NA, NA, NA, NA, NA, NA, NA, NA, NA, NA, NA, NA, NA, NA, NA, NA, NA, NA, NA, NA, NA, NA, NA, NA, NA, NA, NA, NA, NA, NA, NA, NA, NA, NA, NA, NA, NA, NA, NA, NA, NA, NA, NA, NA, NA, NA, NA, NA, NA, NA, NA, NA, NA, NA, NA, NA, NA, NA, NA, NA, NA, NA, NA, NA, NA, NA, NA, NA, NA, NA, NA, NA, NA, NA, NA, NA, NA, NA, NA, NA, NA, NA, NA, NA, NA, NA, NA, NA, NA, NA, NA, NA, NA, NA, NA, NA, NA, NA, NA, NA, NA, NA, NA, NA, NA, NA, NA, NA, NA"
"289_ut_laugh-amused_41-f.wav",1.769,1.59143990929706,0.248571428571429,0.0610484531398325,0.0817638819813199,0.15621836282482,0.114090243309188,NA,NA,NA,NA,0.184784229397774,0.103405088398113,0.101434604606762,0.0412990202145315,1.26486944988721,1.83739836393163,3274.93965219252,1877.21823341706,NA,NA,NA,NA,NA,NA,NA,NA,NA,NA,NA,NA,1229.28989545257,889.84824951503,678.00863633519,173.295092713587,738.544955652751,324.618274884166,1111.4899925871,670.418155533421,654.549721509481,111.192827172463,1760.51673014493,728.113148285287,1371.19657049878,544.321400212279,4287.57828276373,1200.60682270679,3916.71881844922,1291.45242295765,NA,NA,NA,NA,2986.18942882403,576.765999660957,2684.91467631959,464.2823801921,-2.44573223989657,0.354995273788717,-2.2954357996554,0.32696235876362,"12, 17, 22, 27, 32, 37, 42, 47, 52, 57, 62, 67, 72, 77, 82, 87, 92, 97, 102, 107, 112, 117, 122, 127, 132, 137, 142, 147, 152, 157, 162, 167, 172, 177, 182, 187, 192, 197, 202, 207, 212, 217, 222, 227, 232, 237, 242, 247, 252, 257, 262, 267, 272, 277, 282, 287, 292, 297, 302, 307, 312, 317, 322, 327, 332, 337, 342, 347, 352, 357, 362, 367, 372, 377, 382, 387, 392, 397, 402, 407, 412, 417, 422, 427, 432, 437, 442, 447, 451, 456, 461, 466, 471, 476, 481, 486, 491, 496, 501, 506, 511, 516, 521, 526, 531, 536, 541, 546, 551, 556, 561, 566, 571, 576, 581, 586, 591, 596, 601, 606, 611, 616, 621, 626, 631, 636, 641, 646, 651, 656, 661, 666, 671, 676, 681, 686, 691, 696, 701, 706, 711, 716, 721, 726, 731, 736, 741, 746, 751, 756, 761, 766, 771, 776, 781, 786, 791, 796, 801, 806, 811, 816, 821, 826, 831, 836, 841, 846, 851, 856, 861, 866, 871, 876, 881, 886, 890, 895, 900, 905, 910, 915, 920, 925, 930, 935, 940, 945, 950, 955, 960, 965, 970, 975, 980, 985, 990, 995, 1000, 1005, 1010, 1015, 1020, 1025, 1030, 1035, 1040, 1045, 1050, 1055, 1060, 1065, 1070, 1075, 1080, 1085, 1090, 1095, 1100, 1105, 1110, 1115, 1120, 1125, 1130, 1135, 1140, 1145, 1150, 1155, 1160, 1165, 1170, 1175, 1180, 1185, 1190, 1195, 1200, 1205, 1210, 1215, 1220, 1225, 1230, 1235, 1240, 1245, 1250, 1255, 1260, 1265, 1270, 1275, 1280, 1285, 1290, 1295, 1300, 1305, 1310, 1315, 1320, 1325, 1330, 1334, 1339, 1344, 1349, 1354, 1359, 1364, 1369, 1374, 1379, 1384, 1389, 1394, 1399, 1404, 1409, 1414, 1419, 1424, 1429, 1434, 1439, 1444, 1449, 1454, 1459, 1464, 1469, 1474, 1479, 1484, 1489, 1494, 1499, 1504, 1509, 1514, 1519, 1524, 1529, 1534, 1539, 1544, 1549, 1554, 1559, 1564, 1569, 1574, 1579, 1584, 1589, 1594, 1599, 1604, 1609, 1614, 1619, 1624, 1629, 1634, 1639, 1644, 1649, 1654, 1659, 1664, 1669, 1674, 1679, 1684, 1689, 1694, 1699, 1704, 1709, 1714, 1719, 1724, 1729, 1734, 1739, 1744, 1749, 1754","NA, NA, NA, NA, NA, NA, NA, NA, NA, NA, NA, NA, NA, NA, NA, NA, NA, NA, NA, NA, NA, NA, NA, NA, NA, NA, NA, NA, NA, NA, NA, NA, NA, NA, NA, NA, NA, NA, NA, NA, NA, NA, NA, NA, NA, NA, NA, NA, NA, NA, NA, NA, NA, NA, NA, NA, NA, NA, NA, NA, NA, NA, NA, NA, NA, NA, NA, NA, NA, NA, NA, NA, NA, NA, NA, NA, NA, NA, NA, NA, NA, NA, NA, NA, NA, NA, NA, NA, NA, 1606, 1594, 1019, 763, 764, 759, 752, NA, NA, NA, NA, NA, NA, NA, NA, NA, NA, NA, NA, NA, NA, NA, NA, NA, NA, NA, NA, NA, NA, NA, NA, NA, NA, NA, NA, 1612, 1619, 1050, 675, 675, 678, 683, 690, 696, 705, 715, 740, 756, 763, 752, 773, 743, NA, NA, NA, NA, NA, NA, NA, NA, NA, NA, NA, NA, NA, NA, NA, NA, NA, NA, NA, NA, NA, NA, NA, NA, NA, NA, NA, 1577, 1572, 1565, 948, 630, 626, 627, 631, 636, 645, 658, 676, 695, 707, 751, 1067, 1496, NA, NA, NA, NA, NA, NA, NA, NA, NA, NA, NA, NA, NA, NA, NA, NA, NA, NA, NA, NA, NA, NA, NA, NA, NA, NA, NA, NA, NA, NA, 912, 508, 489, 481, 473, 470, 472, 476, 482, 489, 498, 509, 514, 523, 529, 494, 559, 576, 570, 924, 1440, 1477, NA, NA, NA, NA, NA, NA, NA, NA, NA, NA, NA, NA, NA, NA, NA, NA, NA, NA, NA, NA, NA, NA, NA, NA, NA, NA, NA, NA, 494, 492, 492, 496, 500, 507, 511, 517, 528, 535, 542, 554, 585, 596, 605, 580, NA, NA, NA, NA, NA, NA, NA, NA, NA, NA, NA, NA, NA, NA, NA, NA, NA, NA, NA, NA, NA, NA, NA, NA, NA, NA, NA, NA, NA, NA, NA, NA, NA, NA, NA, 591, 583, 586, 589, 590, 596, 609, 624, NA, NA, NA, NA, NA, NA, NA, NA, NA, NA, NA, NA, NA, NA, NA, NA, NA, NA, NA, NA, NA, NA, NA, NA, NA, NA"
"293_ut_laugh-amused_45-m.wav",2.818,2.63697278911565,0.27807486631016,0.0791242220578853,0.0775766409847354,0.165450725368279,0.0778152839346429,NA,NA,NA,NA,0.114383218721808,0.0895189121265631,0.0740146657976812,0.0193709000180903,6.60543505386912,7.67522195736961,3157.42494580415,1960.32305331436,4.92534751175929,3.50017215939408,7.41135902671611,2.78931831500927,NA,NA,NA,NA,NA,NA,NA,NA,755.009074410163,199.402067676709,713.515078966676,103.993352254725,533.971549273389,217.984131223886,745.480943738657,94.871963782874,720.32667876588,105.218386838771,1267.24137931034,328.7670301953,1242.26551337993,408.529327370716,2784.50090744102,471.767228051323,2827.66536664478,471.01508217346,NA,NA,NA,NA,2197.15497591585,256.498947742869,2207.4558209054,285.798013561251,-2.66420353451426,0.275686291314248,-2.6694251377658,0.321905811991665,"12, 28, 43, 58, 73, 88, 103, 118, 133, 148, 163, 178, 193, 208, 223, 238, 253, 268, 283, 298, 313, 328, 343, 358, 373, 388, 403, 418, 433, 448, 463, 478, 493, 508, 523, 538, 553, 568, 583, 598, 613, 628, 643, 658, 673, 688, 703, 718, 733, 748, 763, 778, 793, 808, 823, 838, 853, 868, 883, 898, 913, 928, 943, 958, 973, 988, 1003, 1018, 1033, 1048, 1063, 1078, 1093, 1108, 1123, 1138, 1153, 1168, 1183, 1198, 1213, 1228, 1243, 1258, 1273, 1288, 1303, 1318, 1333, 1349, 1364, 1379, 1394, 1409, 1424, 1439, 1454, 1469, 1484, 1499, 1514, 1529, 1544, 1559, 1574, 1589, 1604, 1619, 1634, 1649, 1664, 1679, 1694, 1709, 1724, 1739, 1754, 1769, 1784, 1799, 1814, 1829, 1844, 1859, 1874, 1889, 1904, 1919, 1934, 1949, 1964, 1979, 1994, 2009, 2024, 2039, 2054, 2069, 2084, 2099, 2114, 2129, 2144, 2159, 2174, 2189, 2204, 2219, 2234, 2249, 2264, 2279, 2294, 2309, 2324, 2339, 2354, 2369, 2384, 2399, 2414, 2429, 2444, 2459, 2474, 2489, 2504, 2519, 2534, 2549, 2564, 2579, 2594, 2609, 2624, 2639, 2654, 2670, 2685, 2700, 2715, 2730, 2745, 2760, 2775, 2790, 2805","NA, NA, NA, 519, 525, 604, 604, 646, 646, 771, 646, 460, 286, 292, 296, 306, 334, 383, 454, 573, 580, NA, NA, NA, NA, NA, NA, NA, NA, NA, NA, NA, NA, 711, 367, 261, 267, 272, 289, 436, 562, 832, NA, NA, NA, NA, NA, NA, NA, NA, NA, 735, 411, 259, 264, NA, NA, NA, NA, NA, NA, NA, NA, NA, NA, 241, 247, 255, 258, 261, 262, NA, NA, NA, NA, NA, NA, NA, NA, NA, NA, NA, NA, NA, NA, NA, NA, NA, NA, NA, NA, NA, NA, NA, 723, 735, 774, NA, NA, NA, NA, NA, NA, NA, NA, NA, NA, NA, NA, NA, NA, 760, 788, 848, 865, NA, NA, NA, NA, NA, NA, NA, NA, NA, NA, NA, NA, NA, NA, 735, 774, NA, NA, NA, NA, NA, NA, NA, NA, NA, NA, NA, NA, NA, 774, 774, 788, 817, NA, NA, NA, NA, NA, NA, NA, NA, NA, NA, NA, NA, NA, NA, NA, NA, NA, NA, NA, NA, NA, NA, NA, NA, NA, NA, NA, NA, 760, 735, NA, NA, NA, NA, NA, NA, NA, NA, NA"
